CREATE TABLE IF NOT EXISTS despesa (
    id_despesa integer primary key,
    vlr_despesa integer,
    dat_compra date,
    id_item integer,
    foreign key(id_item) references item(id_item)
);

CREATE TABLE IF NOT EXISTS item (
    id_item integer primary key,
    nom_item character varying(255),
    id_natureza integer,
    foreign key(id_natureza) references natureza(id_natureza)
);

CREATE TABLE IF NOT EXISTS natureza (
    id_natureza integer primary key,
    nom_natureza character varying(255)
);

CREATE TABLE IF NOT EXISTS partido (
    id_partido integer primary key,
    nom_partido character varying(255),
    sigla character varying(255)
);

CREATE TABLE IF NOT EXISTS partido_presidente (
    id_partido_presidente integer primary key,
    id_partido integer,
    id_presidente integer,
    id_despesa integer not null,
    foreign key(id_partido) references partido(id_partido),
    foreign key(id_presidente) references presidente(id_presidente),
    foreign key(id_despesa) references despesa(id_despesa),
    unique(id_despesa)
);

CREATE TABLE IF NOT EXISTS presidente (
    id_presidente integer primary key,
    nom_presidente character varying(255),
    num_mandato character varying(255)
);

INSERT INTO natureza (id_natureza, nom_natureza) VALUES (1, 'DIARIAS - PESSOAL CIVIL');
INSERT INTO natureza (id_natureza, nom_natureza) VALUES (2, 'MATERIAL DE CONSUMO');
INSERT INTO natureza (id_natureza, nom_natureza) VALUES (3, 'OBRIGACOES TRIBUTARIAS E CONTRIBUTIVAS');
INSERT INTO natureza (id_natureza, nom_natureza) VALUES (4, 'OUTROS SERVICOS DE TERCEIROS - PESSOA JURIDICA');
INSERT INTO natureza (id_natureza, nom_natureza) VALUES (5, 'PASSAGENS E DESPESAS COM LOCOMOCAO');
INSERT INTO natureza (id_natureza, nom_natureza) VALUES (6, 'VENCIMENTOS E VANTAGENS FIXAS - PESSOAL CIVIL');
INSERT INTO natureza (id_natureza, nom_natureza) VALUES (7, 'VALOR DE ESCAPE – SIAFIWEB');
INSERT INTO natureza (id_natureza, nom_natureza) VALUES (8, 'SERVICOS DE TECNOLOGIA DA INFORMACAO E COMUNICACAO – PJ');

INSERT INTO item (id_item, nom_item, id_natureza) VALUES (1, 'DIARIAS NO PAIS', 1);
INSERT INTO item (id_item, nom_item, id_natureza) VALUES (2, 'DIARIAS NO EXTERIOR', 1);
INSERT INTO item (id_item, nom_item, id_natureza) VALUES (3, 'TAXAS', 3);
INSERT INTO item (id_item, nom_item, id_natureza) VALUES (4, 'COMBUSTIVEIS E LUBRIFICANTES AUTOMOTIVOS', 2);
INSERT INTO item (id_item, nom_item, id_natureza) VALUES (5, 'SERVICOS DE TELECOMUNICACOES', 4);
INSERT INTO item (id_item, nom_item, id_natureza) VALUES (6, 'SEGUROS EM GERAL', 4);
INSERT INTO item (id_item, nom_item, id_natureza) VALUES (7, 'MANUTENCAO E CONSERV. DE VEICULOS', 4);
INSERT INTO item (id_item, nom_item, id_natureza) VALUES (8, 'PASSAGENS PARA O PAIS', 5);
INSERT INTO item (id_item, nom_item, id_natureza) VALUES (9, 'PASSAGENS PARA O EXTERIOR', 5);
INSERT INTO item (id_item, nom_item, id_natureza) VALUES (10, 'GRATIFICACAO P/EXERCICIO DE CARGO EM COMISSAO', 6);
INSERT INTO item (id_item, nom_item, id_natureza) VALUES (11, 'VALOR DE ESCAPE - SIAFIWEB', 7);
INSERT INTO item (id_item, nom_item, id_natureza) VALUES (12, 'MATERIAL P/ MANUTENCAO DE VEICULOS', 2);
INSERT INTO item (id_item, nom_item, id_natureza) VALUES (13, 'TELEFONIA FIXA E MOVEL - PACOTE DE COMUNICACAO DE DADOS', 8);
INSERT INTO item (id_item, nom_item, id_natureza) VALUES (14, 'LOCACAO DE MEIOS DE TRANSPORTE', 5);

INSERT INTO despesa (id_despesa, vlr_despesa, dat_compra, id_item) VALUES (259, 341, '2022-01-04', 1);
INSERT INTO despesa (id_despesa, vlr_despesa, dat_compra, id_item) VALUES (260, 824, '2022-01-04', 6);
INSERT INTO despesa (id_despesa, vlr_despesa, dat_compra, id_item) VALUES (261, 1052, '2022-01-04', 6);
INSERT INTO despesa (id_despesa, vlr_despesa, dat_compra, id_item) VALUES (262, 2877, '2022-01-04', 11);
INSERT INTO despesa (id_despesa, vlr_despesa, dat_compra, id_item) VALUES (263, 1145, '2022-01-04', 11);
INSERT INTO despesa (id_despesa, vlr_despesa, dat_compra, id_item) VALUES (174, 7026, '2022-02-03', 8);
INSERT INTO despesa (id_despesa, vlr_despesa, dat_compra, id_item) VALUES (175, 15415, '2022-02-03', 8);
INSERT INTO despesa (id_despesa, vlr_despesa, dat_compra, id_item) VALUES (176, 5222, '2022-02-03', 8);
INSERT INTO despesa (id_despesa, vlr_despesa, dat_compra, id_item) VALUES (177, 2403, '2022-02-03', 8);
INSERT INTO despesa (id_despesa, vlr_despesa, dat_compra, id_item) VALUES (178, 184, '2022-03-03', 1);
INSERT INTO despesa (id_despesa, vlr_despesa, dat_compra, id_item) VALUES (179, 1271, '2022-03-03', 11);
INSERT INTO despesa (id_despesa, vlr_despesa, dat_compra, id_item) VALUES (180, 395, '2022-03-03', 1);
INSERT INTO despesa (id_despesa, vlr_despesa, dat_compra, id_item) VALUES (181, 1246, '2022-03-03', 9);
INSERT INTO despesa (id_despesa, vlr_despesa, dat_compra, id_item) VALUES (182, 566, '2022-04-03', 1);
INSERT INTO despesa (id_despesa, vlr_despesa, dat_compra, id_item) VALUES (183, 432, '2022-04-03', 7);
INSERT INTO despesa (id_despesa, vlr_despesa, dat_compra, id_item) VALUES (184, 1380, '2022-04-03', 7);
INSERT INTO despesa (id_despesa, vlr_despesa, dat_compra, id_item) VALUES (185, 967, '2022-04-03', 1);
INSERT INTO despesa (id_despesa, vlr_despesa, dat_compra, id_item) VALUES (186, 102, '2022-04-03', 1);
INSERT INTO despesa (id_despesa, vlr_despesa, dat_compra, id_item) VALUES (187, 1476, '2022-07-03', 12);
INSERT INTO despesa (id_despesa, vlr_despesa, dat_compra, id_item) VALUES (53, 1824, '2022-08-02', 1);
INSERT INTO despesa (id_despesa, vlr_despesa, dat_compra, id_item) VALUES (54, 156, '2022-08-02', 5);
INSERT INTO despesa (id_despesa, vlr_despesa, dat_compra, id_item) VALUES (55, 312, '2022-08-02', 5);
INSERT INTO despesa (id_despesa, vlr_despesa, dat_compra, id_item) VALUES (56, 78, '2022-08-02', 5);
INSERT INTO despesa (id_despesa, vlr_despesa, dat_compra, id_item) VALUES (57, 78, '2022-08-02', 5);
INSERT INTO despesa (id_despesa, vlr_despesa, dat_compra, id_item) VALUES (58, 156, '2022-08-02', 5);
INSERT INTO despesa (id_despesa, vlr_despesa, dat_compra, id_item) VALUES (59, 78, '2022-08-02', 5);
INSERT INTO despesa (id_despesa, vlr_despesa, dat_compra, id_item) VALUES (188, 1968, '2022-08-03', 1);
INSERT INTO despesa (id_despesa, vlr_despesa, dat_compra, id_item) VALUES (264, 156, '2022-08-04', 5);
INSERT INTO despesa (id_despesa, vlr_despesa, dat_compra, id_item) VALUES (265, 234, '2022-08-04', 5);
INSERT INTO despesa (id_despesa, vlr_despesa, dat_compra, id_item) VALUES (266, 156, '2022-08-04', 5);
INSERT INTO despesa (id_despesa, vlr_despesa, dat_compra, id_item) VALUES (267, 156, '2022-08-04', 5);
INSERT INTO despesa (id_despesa, vlr_despesa, dat_compra, id_item) VALUES (268, 17410, '2022-08-04', 8);
INSERT INTO despesa (id_despesa, vlr_despesa, dat_compra, id_item) VALUES (269, 39314, '2022-08-04', 8);
INSERT INTO despesa (id_despesa, vlr_despesa, dat_compra, id_item) VALUES (270, 28126, '2022-08-04', 8);
INSERT INTO despesa (id_despesa, vlr_despesa, dat_compra, id_item) VALUES (271, 5490, '2022-08-04', 8);
INSERT INTO despesa (id_despesa, vlr_despesa, dat_compra, id_item) VALUES (272, 1198, '2022-08-04', 1);
INSERT INTO despesa (id_despesa, vlr_despesa, dat_compra, id_item) VALUES (273, 702, '2022-08-04', 1);
INSERT INTO despesa (id_despesa, vlr_despesa, dat_compra, id_item) VALUES (274, 446, '2022-08-04', 1);
INSERT INTO despesa (id_despesa, vlr_despesa, dat_compra, id_item) VALUES (60, 1637, '2022-09-02', 1);
INSERT INTO despesa (id_despesa, vlr_despesa, dat_compra, id_item) VALUES (189, 800, '2022-09-03', 12);
INSERT INTO despesa (id_despesa, vlr_despesa, dat_compra, id_item) VALUES (1, 2377, '2022-10-01', 4);
INSERT INTO despesa (id_despesa, vlr_despesa, dat_compra, id_item) VALUES (2, 1404, '2022-10-01', 4);
INSERT INTO despesa (id_despesa, vlr_despesa, dat_compra, id_item) VALUES (3, 1297, '2022-10-01', 4);
INSERT INTO despesa (id_despesa, vlr_despesa, dat_compra, id_item) VALUES (4, 70, '2022-10-01', 7);
INSERT INTO despesa (id_despesa, vlr_despesa, dat_compra, id_item) VALUES (9, 2378, '2023-10-01', 4);
INSERT INTO despesa (id_despesa, vlr_despesa, dat_compra, id_item) VALUES (10, 1405, '2023-10-01', 4);
INSERT INTO despesa (id_despesa, vlr_despesa, dat_compra, id_item) VALUES (11, 1298, '2023-10-01', 4);
INSERT INTO despesa (id_despesa, vlr_despesa, dat_compra, id_item) VALUES (12, 71, '2023-10-01', 7);
INSERT INTO despesa (id_despesa, vlr_despesa, dat_compra, id_item) VALUES (17, 2379, '2024-10-01', 4);
INSERT INTO despesa (id_despesa, vlr_despesa, dat_compra, id_item) VALUES (18, 1406, '2024-10-01', 4);
INSERT INTO despesa (id_despesa, vlr_despesa, dat_compra, id_item) VALUES (19, 1299, '2024-10-01', 4);
INSERT INTO despesa (id_despesa, vlr_despesa, dat_compra, id_item) VALUES (20, 72, '2024-10-01', 7);
INSERT INTO despesa (id_despesa, vlr_despesa, dat_compra, id_item) VALUES (25, 2380, '2025-10-01', 4);
INSERT INTO despesa (id_despesa, vlr_despesa, dat_compra, id_item) VALUES (26, 1407, '2025-10-01', 4);
INSERT INTO despesa (id_despesa, vlr_despesa, dat_compra, id_item) VALUES (27, 1300, '2025-10-01', 4);
INSERT INTO despesa (id_despesa, vlr_despesa, dat_compra, id_item) VALUES (28, 73, '2025-10-01', 7);
INSERT INTO despesa (id_despesa, vlr_despesa, dat_compra, id_item) VALUES (33, 2381, '2026-10-01', 4);
INSERT INTO despesa (id_despesa, vlr_despesa, dat_compra, id_item) VALUES (34, 1408, '2026-10-01', 4);
INSERT INTO despesa (id_despesa, vlr_despesa, dat_compra, id_item) VALUES (35, 1301, '2026-10-01', 4);
INSERT INTO despesa (id_despesa, vlr_despesa, dat_compra, id_item) VALUES (36, 74, '2026-10-01', 7);
INSERT INTO despesa (id_despesa, vlr_despesa, dat_compra, id_item) VALUES (41, 2382, '2027-10-01', 4);
INSERT INTO despesa (id_despesa, vlr_despesa, dat_compra, id_item) VALUES (42, 1409, '2027-10-01', 4);
INSERT INTO despesa (id_despesa, vlr_despesa, dat_compra, id_item) VALUES (43, 1302, '2027-10-01', 4);
INSERT INTO despesa (id_despesa, vlr_despesa, dat_compra, id_item) VALUES (44, 75, '2027-10-01', 7);
INSERT INTO despesa (id_despesa, vlr_despesa, dat_compra, id_item) VALUES (49, 2383, '2028-10-01', 4);
INSERT INTO despesa (id_despesa, vlr_despesa, dat_compra, id_item) VALUES (50, 1410, '2028-10-01', 4);
INSERT INTO despesa (id_despesa, vlr_despesa, dat_compra, id_item) VALUES (51, 1303, '2028-10-01', 4);
INSERT INTO despesa (id_despesa, vlr_despesa, dat_compra, id_item) VALUES (52, 76, '2028-10-01', 7);
INSERT INTO despesa (id_despesa, vlr_despesa, dat_compra, id_item) VALUES (61, 150, '2022-10-02', 6);
INSERT INTO despesa (id_despesa, vlr_despesa, dat_compra, id_item) VALUES (62, 150, '2022-10-02', 6);
INSERT INTO despesa (id_despesa, vlr_despesa, dat_compra, id_item) VALUES (63, 150, '2022-10-02', 6);
INSERT INTO despesa (id_despesa, vlr_despesa, dat_compra, id_item) VALUES (64, 150, '2022-10-02', 6);
INSERT INTO despesa (id_despesa, vlr_despesa, dat_compra, id_item) VALUES (65, 150, '2022-10-02', 6);
INSERT INTO despesa (id_despesa, vlr_despesa, dat_compra, id_item) VALUES (66, 150, '2022-10-02', 6);
INSERT INTO despesa (id_despesa, vlr_despesa, dat_compra, id_item) VALUES (67, 265, '2022-10-02', 1);
INSERT INTO despesa (id_despesa, vlr_despesa, dat_compra, id_item) VALUES (68, 368, '2022-10-02', 1);
INSERT INTO despesa (id_despesa, vlr_despesa, dat_compra, id_item) VALUES (69, 1548, '2022-10-02', 1);
INSERT INTO despesa (id_despesa, vlr_despesa, dat_compra, id_item) VALUES (70, 265, '2022-10-02', 1);
INSERT INTO despesa (id_despesa, vlr_despesa, dat_compra, id_item) VALUES (71, 150, '2022-10-02', 6);
INSERT INTO despesa (id_despesa, vlr_despesa, dat_compra, id_item) VALUES (72, 150, '2022-10-02', 6);
INSERT INTO despesa (id_despesa, vlr_despesa, dat_compra, id_item) VALUES (73, 150, '2022-10-02', 6);
INSERT INTO despesa (id_despesa, vlr_despesa, dat_compra, id_item) VALUES (74, 150, '2022-10-02', 6);
INSERT INTO despesa (id_despesa, vlr_despesa, dat_compra, id_item) VALUES (75, 150, '2022-10-02', 6);
INSERT INTO despesa (id_despesa, vlr_despesa, dat_compra, id_item) VALUES (76, 150, '2022-10-02', 6);
INSERT INTO despesa (id_despesa, vlr_despesa, dat_compra, id_item) VALUES (77, 150, '2022-10-02', 6);
INSERT INTO despesa (id_despesa, vlr_despesa, dat_compra, id_item) VALUES (78, 150, '2022-10-02', 6);
INSERT INTO despesa (id_despesa, vlr_despesa, dat_compra, id_item) VALUES (79, 150, '2022-10-02', 6);
INSERT INTO despesa (id_despesa, vlr_despesa, dat_compra, id_item) VALUES (80, 150, '2022-10-02', 6);
INSERT INTO despesa (id_despesa, vlr_despesa, dat_compra, id_item) VALUES (81, 150, '2022-10-02', 6);
INSERT INTO despesa (id_despesa, vlr_despesa, dat_compra, id_item) VALUES (82, 150, '2022-10-02', 6);
INSERT INTO despesa (id_despesa, vlr_despesa, dat_compra, id_item) VALUES (83, 150, '2022-10-02', 6);
INSERT INTO despesa (id_despesa, vlr_despesa, dat_compra, id_item) VALUES (84, 150, '2022-10-02', 6);
INSERT INTO despesa (id_despesa, vlr_despesa, dat_compra, id_item) VALUES (85, 150, '2022-10-02', 6);
INSERT INTO despesa (id_despesa, vlr_despesa, dat_compra, id_item) VALUES (86, 150, '2022-10-02', 6);
INSERT INTO despesa (id_despesa, vlr_despesa, dat_compra, id_item) VALUES (87, 150, '2022-10-02', 6);
INSERT INTO despesa (id_despesa, vlr_despesa, dat_compra, id_item) VALUES (88, 150, '2022-10-02', 6);
INSERT INTO despesa (id_despesa, vlr_despesa, dat_compra, id_item) VALUES (89, 150, '2022-10-02', 6);
INSERT INTO despesa (id_despesa, vlr_despesa, dat_compra, id_item) VALUES (90, 150, '2022-10-02', 6);
INSERT INTO despesa (id_despesa, vlr_despesa, dat_compra, id_item) VALUES (91, 150, '2022-10-02', 6);
INSERT INTO despesa (id_despesa, vlr_despesa, dat_compra, id_item) VALUES (92, 150, '2022-10-02', 6);
INSERT INTO despesa (id_despesa, vlr_despesa, dat_compra, id_item) VALUES (93, 150, '2022-10-02', 6);
INSERT INTO despesa (id_despesa, vlr_despesa, dat_compra, id_item) VALUES (94, 150, '2022-10-02', 6);
INSERT INTO despesa (id_despesa, vlr_despesa, dat_compra, id_item) VALUES (95, 150, '2022-10-02', 6);
INSERT INTO despesa (id_despesa, vlr_despesa, dat_compra, id_item) VALUES (96, 150, '2022-10-02', 6);
INSERT INTO despesa (id_despesa, vlr_despesa, dat_compra, id_item) VALUES (97, 150, '2022-10-02', 6);
INSERT INTO despesa (id_despesa, vlr_despesa, dat_compra, id_item) VALUES (98, 150, '2022-10-02', 6);
INSERT INTO despesa (id_despesa, vlr_despesa, dat_compra, id_item) VALUES (99, 150, '2022-10-02', 6);
INSERT INTO despesa (id_despesa, vlr_despesa, dat_compra, id_item) VALUES (100, 150, '2022-10-02', 6);
INSERT INTO despesa (id_despesa, vlr_despesa, dat_compra, id_item) VALUES (101, 150, '2022-10-02', 6);
INSERT INTO despesa (id_despesa, vlr_despesa, dat_compra, id_item) VALUES (102, 150, '2022-10-02', 6);
INSERT INTO despesa (id_despesa, vlr_despesa, dat_compra, id_item) VALUES (103, 150, '2022-10-02', 6);
INSERT INTO despesa (id_despesa, vlr_despesa, dat_compra, id_item) VALUES (104, 150, '2022-10-02', 6);
INSERT INTO despesa (id_despesa, vlr_despesa, dat_compra, id_item) VALUES (105, 150, '2022-10-02', 6);
INSERT INTO despesa (id_despesa, vlr_despesa, dat_compra, id_item) VALUES (106, 150, '2022-10-02', 6);
INSERT INTO despesa (id_despesa, vlr_despesa, dat_compra, id_item) VALUES (107, 150, '2022-10-02', 6);
INSERT INTO despesa (id_despesa, vlr_despesa, dat_compra, id_item) VALUES (108, 150, '2022-10-02', 6);
INSERT INTO despesa (id_despesa, vlr_despesa, dat_compra, id_item) VALUES (109, 150, '2022-10-02', 6);
INSERT INTO despesa (id_despesa, vlr_despesa, dat_compra, id_item) VALUES (110, 150, '2022-10-02', 6);
INSERT INTO despesa (id_despesa, vlr_despesa, dat_compra, id_item) VALUES (111, 150, '2022-10-02', 6);
INSERT INTO despesa (id_despesa, vlr_despesa, dat_compra, id_item) VALUES (112, 150, '2022-10-02', 6);
INSERT INTO despesa (id_despesa, vlr_despesa, dat_compra, id_item) VALUES (113, 150, '2022-10-02', 6);
INSERT INTO despesa (id_despesa, vlr_despesa, dat_compra, id_item) VALUES (114, 150, '2022-10-02', 6);
INSERT INTO despesa (id_despesa, vlr_despesa, dat_compra, id_item) VALUES (115, 150, '2022-10-02', 6);
INSERT INTO despesa (id_despesa, vlr_despesa, dat_compra, id_item) VALUES (116, 150, '2022-10-02', 6);
INSERT INTO despesa (id_despesa, vlr_despesa, dat_compra, id_item) VALUES (117, 150, '2022-10-02', 6);
INSERT INTO despesa (id_despesa, vlr_despesa, dat_compra, id_item) VALUES (118, 150, '2022-10-02', 6);
INSERT INTO despesa (id_despesa, vlr_despesa, dat_compra, id_item) VALUES (119, 150, '2022-10-02', 6);
INSERT INTO despesa (id_despesa, vlr_despesa, dat_compra, id_item) VALUES (120, 150, '2022-10-02', 6);
INSERT INTO despesa (id_despesa, vlr_despesa, dat_compra, id_item) VALUES (121, 150, '2022-10-02', 6);
INSERT INTO despesa (id_despesa, vlr_despesa, dat_compra, id_item) VALUES (122, 150, '2022-10-02', 6);
INSERT INTO despesa (id_despesa, vlr_despesa, dat_compra, id_item) VALUES (123, 150, '2022-10-02', 6);
INSERT INTO despesa (id_despesa, vlr_despesa, dat_compra, id_item) VALUES (124, 150, '2022-10-02', 6);
INSERT INTO despesa (id_despesa, vlr_despesa, dat_compra, id_item) VALUES (125, 150, '2022-10-02', 6);
INSERT INTO despesa (id_despesa, vlr_despesa, dat_compra, id_item) VALUES (126, 150, '2022-10-02', 6);
INSERT INTO despesa (id_despesa, vlr_despesa, dat_compra, id_item) VALUES (127, 150, '2022-10-02', 6);
INSERT INTO despesa (id_despesa, vlr_despesa, dat_compra, id_item) VALUES (128, 150, '2022-10-02', 6);
INSERT INTO despesa (id_despesa, vlr_despesa, dat_compra, id_item) VALUES (129, 150, '2022-10-02', 6);
INSERT INTO despesa (id_despesa, vlr_despesa, dat_compra, id_item) VALUES (130, 150, '2022-10-02', 6);
INSERT INTO despesa (id_despesa, vlr_despesa, dat_compra, id_item) VALUES (131, 150, '2022-10-02', 6);
INSERT INTO despesa (id_despesa, vlr_despesa, dat_compra, id_item) VALUES (132, 150, '2022-10-02', 6);
INSERT INTO despesa (id_despesa, vlr_despesa, dat_compra, id_item) VALUES (133, 150, '2022-10-02', 6);
INSERT INTO despesa (id_despesa, vlr_despesa, dat_compra, id_item) VALUES (134, 150, '2022-10-02', 6);
INSERT INTO despesa (id_despesa, vlr_despesa, dat_compra, id_item) VALUES (135, 150, '2022-10-02', 6);
INSERT INTO despesa (id_despesa, vlr_despesa, dat_compra, id_item) VALUES (136, 150, '2022-10-02', 6);
INSERT INTO despesa (id_despesa, vlr_despesa, dat_compra, id_item) VALUES (190, 156, '2022-10-03', 5);
INSERT INTO despesa (id_despesa, vlr_despesa, dat_compra, id_item) VALUES (191, 312, '2022-10-03', 5);
INSERT INTO despesa (id_despesa, vlr_despesa, dat_compra, id_item) VALUES (192, 78, '2022-10-03', 5);
INSERT INTO despesa (id_despesa, vlr_despesa, dat_compra, id_item) VALUES (193, 78, '2022-10-03', 5);
INSERT INTO despesa (id_despesa, vlr_despesa, dat_compra, id_item) VALUES (194, 156, '2022-10-03', 5);
INSERT INTO despesa (id_despesa, vlr_despesa, dat_compra, id_item) VALUES (195, 78, '2022-10-03', 5);
INSERT INTO despesa (id_despesa, vlr_despesa, dat_compra, id_item) VALUES (196, 997, '2022-10-03', 1);
INSERT INTO despesa (id_despesa, vlr_despesa, dat_compra, id_item) VALUES (197, 713, '2022-10-03', 1);
INSERT INTO despesa (id_despesa, vlr_despesa, dat_compra, id_item) VALUES (198, 156, '2022-10-03', 5);
INSERT INTO despesa (id_despesa, vlr_despesa, dat_compra, id_item) VALUES (199, 312, '2022-10-03', 5);
INSERT INTO despesa (id_despesa, vlr_despesa, dat_compra, id_item) VALUES (200, 78, '2022-10-03', 5);
INSERT INTO despesa (id_despesa, vlr_despesa, dat_compra, id_item) VALUES (201, 78, '2022-10-03', 5);
INSERT INTO despesa (id_despesa, vlr_despesa, dat_compra, id_item) VALUES (202, 156, '2022-10-03', 5);
INSERT INTO despesa (id_despesa, vlr_despesa, dat_compra, id_item) VALUES (203, 78, '2022-10-03', 5);
INSERT INTO despesa (id_despesa, vlr_despesa, dat_compra, id_item) VALUES (5, 465, '2022-11-01', 11);
INSERT INTO despesa (id_despesa, vlr_despesa, dat_compra, id_item) VALUES (6, 177, '2022-11-01', 13);
INSERT INTO despesa (id_despesa, vlr_despesa, dat_compra, id_item) VALUES (7, 298, '2022-11-01', 13);
INSERT INTO despesa (id_despesa, vlr_despesa, dat_compra, id_item) VALUES (8, 88, '2022-11-01', 13);
INSERT INTO despesa (id_despesa, vlr_despesa, dat_compra, id_item) VALUES (13, 466, '2023-11-01', 11);
INSERT INTO despesa (id_despesa, vlr_despesa, dat_compra, id_item) VALUES (14, 178, '2023-11-01', 13);
INSERT INTO despesa (id_despesa, vlr_despesa, dat_compra, id_item) VALUES (15, 299, '2023-11-01', 13);
INSERT INTO despesa (id_despesa, vlr_despesa, dat_compra, id_item) VALUES (16, 89, '2023-11-01', 13);
INSERT INTO despesa (id_despesa, vlr_despesa, dat_compra, id_item) VALUES (21, 467, '2024-11-01', 11);
INSERT INTO despesa (id_despesa, vlr_despesa, dat_compra, id_item) VALUES (22, 179, '2024-11-01', 13);
INSERT INTO despesa (id_despesa, vlr_despesa, dat_compra, id_item) VALUES (23, 300, '2024-11-01', 13);
INSERT INTO despesa (id_despesa, vlr_despesa, dat_compra, id_item) VALUES (24, 90, '2024-11-01', 13);
INSERT INTO despesa (id_despesa, vlr_despesa, dat_compra, id_item) VALUES (29, 468, '2025-11-01', 11);
INSERT INTO despesa (id_despesa, vlr_despesa, dat_compra, id_item) VALUES (30, 180, '2025-11-01', 13);
INSERT INTO despesa (id_despesa, vlr_despesa, dat_compra, id_item) VALUES (31, 301, '2025-11-01', 13);
INSERT INTO despesa (id_despesa, vlr_despesa, dat_compra, id_item) VALUES (32, 91, '2025-11-01', 13);
INSERT INTO despesa (id_despesa, vlr_despesa, dat_compra, id_item) VALUES (37, 469, '2026-11-01', 11);
INSERT INTO despesa (id_despesa, vlr_despesa, dat_compra, id_item) VALUES (38, 181, '2026-11-01', 13);
INSERT INTO despesa (id_despesa, vlr_despesa, dat_compra, id_item) VALUES (39, 302, '2026-11-01', 13);
INSERT INTO despesa (id_despesa, vlr_despesa, dat_compra, id_item) VALUES (40, 92, '2026-11-01', 13);
INSERT INTO despesa (id_despesa, vlr_despesa, dat_compra, id_item) VALUES (45, 470, '2027-11-01', 11);
INSERT INTO despesa (id_despesa, vlr_despesa, dat_compra, id_item) VALUES (46, 182, '2027-11-01', 13);
INSERT INTO despesa (id_despesa, vlr_despesa, dat_compra, id_item) VALUES (47, 303, '2027-11-01', 13);
INSERT INTO despesa (id_despesa, vlr_despesa, dat_compra, id_item) VALUES (48, 93, '2027-11-01', 13);
INSERT INTO despesa (id_despesa, vlr_despesa, dat_compra, id_item) VALUES (137, 156, '2022-11-02', 5);
INSERT INTO despesa (id_despesa, vlr_despesa, dat_compra, id_item) VALUES (138, 312, '2022-11-02', 5);
INSERT INTO despesa (id_despesa, vlr_despesa, dat_compra, id_item) VALUES (139, 78, '2022-11-02', 5);
INSERT INTO despesa (id_despesa, vlr_despesa, dat_compra, id_item) VALUES (140, 78, '2022-11-02', 5);
INSERT INTO despesa (id_despesa, vlr_despesa, dat_compra, id_item) VALUES (141, 156, '2022-11-02', 5);
INSERT INTO despesa (id_despesa, vlr_despesa, dat_compra, id_item) VALUES (142, 78, '2022-11-02', 5);
INSERT INTO despesa (id_despesa, vlr_despesa, dat_compra, id_item) VALUES (204, 1601, '2022-11-03', 11);
INSERT INTO despesa (id_despesa, vlr_despesa, dat_compra, id_item) VALUES (205, 275, '2022-11-03', 11);
INSERT INTO despesa (id_despesa, vlr_despesa, dat_compra, id_item) VALUES (206, 266, '2022-11-03', 1);
INSERT INTO despesa (id_despesa, vlr_despesa, dat_compra, id_item) VALUES (207, 5523, '2022-11-03', 2);
INSERT INTO despesa (id_despesa, vlr_despesa, dat_compra, id_item) VALUES (275, 3379, '2022-11-04', 1);
INSERT INTO despesa (id_despesa, vlr_despesa, dat_compra, id_item) VALUES (276, 339, '2023-01-04', 1);
INSERT INTO despesa (id_despesa, vlr_despesa, dat_compra, id_item) VALUES (143, 3796, '2023-02-02', 11);
INSERT INTO despesa (id_despesa, vlr_despesa, dat_compra, id_item) VALUES (144, 398, '2023-02-02', 11);
INSERT INTO despesa (id_despesa, vlr_despesa, dat_compra, id_item) VALUES (208, 2701, '2023-02-03', 8);
INSERT INTO despesa (id_despesa, vlr_despesa, dat_compra, id_item) VALUES (209, 2067, '2023-02-03', 8);
INSERT INTO despesa (id_despesa, vlr_despesa, dat_compra, id_item) VALUES (210, 7978, '2023-02-03', 8);
INSERT INTO despesa (id_despesa, vlr_despesa, dat_compra, id_item) VALUES (211, 18682, '2023-02-03', 8);
INSERT INTO despesa (id_despesa, vlr_despesa, dat_compra, id_item) VALUES (212, 5750, '2023-02-03', 8);
INSERT INTO despesa (id_despesa, vlr_despesa, dat_compra, id_item) VALUES (213, 6099, '2023-02-03', 8);
INSERT INTO despesa (id_despesa, vlr_despesa, dat_compra, id_item) VALUES (214, 18811, '2023-02-03', 9);
INSERT INTO despesa (id_despesa, vlr_despesa, dat_compra, id_item) VALUES (215, 112, '2023-02-03', 1);
INSERT INTO despesa (id_despesa, vlr_despesa, dat_compra, id_item) VALUES (216, 52, '2023-02-03', 1);
INSERT INTO despesa (id_despesa, vlr_despesa, dat_compra, id_item) VALUES (277, 2430, '2023-02-04', 1);
INSERT INTO despesa (id_despesa, vlr_despesa, dat_compra, id_item) VALUES (145, 5407, '2023-03-02', 1);
INSERT INTO despesa (id_despesa, vlr_despesa, dat_compra, id_item) VALUES (217, 3044, '2023-03-03', 1);
INSERT INTO despesa (id_despesa, vlr_despesa, dat_compra, id_item) VALUES (218, 102, '2023-03-03', 1);
INSERT INTO despesa (id_despesa, vlr_despesa, dat_compra, id_item) VALUES (146, 2443, '2023-04-02', 1);
INSERT INTO despesa (id_despesa, vlr_despesa, dat_compra, id_item) VALUES (219, 797, '2023-04-03', 1);
INSERT INTO despesa (id_despesa, vlr_despesa, dat_compra, id_item) VALUES (220, 1153, '2023-04-03', 1);
INSERT INTO despesa (id_despesa, vlr_despesa, dat_compra, id_item) VALUES (147, 201, '2023-05-02', 1);
INSERT INTO despesa (id_despesa, vlr_despesa, dat_compra, id_item) VALUES (148, 2247, '2023-05-02', 1);
INSERT INTO despesa (id_despesa, vlr_despesa, dat_compra, id_item) VALUES (221, 1037, '2023-05-03', 4);
INSERT INTO despesa (id_despesa, vlr_despesa, dat_compra, id_item) VALUES (149, 6451, '2023-06-02', 8);
INSERT INTO despesa (id_despesa, vlr_despesa, dat_compra, id_item) VALUES (150, 30189, '2023-06-02', 8);
INSERT INTO despesa (id_despesa, vlr_despesa, dat_compra, id_item) VALUES (151, 5818, '2023-06-02', 8);
INSERT INTO despesa (id_despesa, vlr_despesa, dat_compra, id_item) VALUES (152, 3616, '2023-06-02', 8);
INSERT INTO despesa (id_despesa, vlr_despesa, dat_compra, id_item) VALUES (153, 13768, '2023-06-02', 9);
INSERT INTO despesa (id_despesa, vlr_despesa, dat_compra, id_item) VALUES (222, 2772, '2023-06-03', 4);
INSERT INTO despesa (id_despesa, vlr_despesa, dat_compra, id_item) VALUES (223, 1717, '2023-06-03', 4);
INSERT INTO despesa (id_despesa, vlr_despesa, dat_compra, id_item) VALUES (278, 2738, '2023-06-04', 1);
INSERT INTO despesa (id_despesa, vlr_despesa, dat_compra, id_item) VALUES (154, 4368, '2023-09-02', 4);
INSERT INTO despesa (id_despesa, vlr_despesa, dat_compra, id_item) VALUES (224, 18568, '2023-09-03', 2);
INSERT INTO despesa (id_despesa, vlr_despesa, dat_compra, id_item) VALUES (155, 1065, '2023-10-02', 6);
INSERT INTO despesa (id_despesa, vlr_despesa, dat_compra, id_item) VALUES (156, 3044, '2023-10-02', 6);
INSERT INTO despesa (id_despesa, vlr_despesa, dat_compra, id_item) VALUES (157, 189, '2023-10-02', 11);
INSERT INTO despesa (id_despesa, vlr_despesa, dat_compra, id_item) VALUES (158, 413, '2023-10-02', 1);
INSERT INTO despesa (id_despesa, vlr_despesa, dat_compra, id_item) VALUES (159, 65744, '2023-10-02', 10);
INSERT INTO despesa (id_despesa, vlr_despesa, dat_compra, id_item) VALUES (160, 52042, '2023-10-02', 10);
INSERT INTO despesa (id_despesa, vlr_despesa, dat_compra, id_item) VALUES (161, 51097, '2023-10-02', 10);
INSERT INTO despesa (id_despesa, vlr_despesa, dat_compra, id_item) VALUES (162, 65599, '2023-10-02', 10);
INSERT INTO despesa (id_despesa, vlr_despesa, dat_compra, id_item) VALUES (163, 47596, '2023-10-02', 10);
INSERT INTO despesa (id_despesa, vlr_despesa, dat_compra, id_item) VALUES (164, 58944, '2023-10-02', 10);
INSERT INTO despesa (id_despesa, vlr_despesa, dat_compra, id_item) VALUES (225, 1877, '2023-10-03', 14);
INSERT INTO despesa (id_despesa, vlr_despesa, dat_compra, id_item) VALUES (226, 1663, '2023-10-03', 4);
INSERT INTO despesa (id_despesa, vlr_despesa, dat_compra, id_item) VALUES (165, 475, '2023-11-02', 1);
INSERT INTO despesa (id_despesa, vlr_despesa, dat_compra, id_item) VALUES (166, 1376, '2023-11-02', 1);
INSERT INTO despesa (id_despesa, vlr_despesa, dat_compra, id_item) VALUES (227, 1596, '2023-11-03', 1);
INSERT INTO despesa (id_despesa, vlr_despesa, dat_compra, id_item) VALUES (228, 667, '2023-11-03', 1);
INSERT INTO despesa (id_despesa, vlr_despesa, dat_compra, id_item) VALUES (229, 2372, '2023-11-03', 1);
INSERT INTO despesa (id_despesa, vlr_despesa, dat_compra, id_item) VALUES (167, 160, '2023-12-02', 1);
INSERT INTO despesa (id_despesa, vlr_despesa, dat_compra, id_item) VALUES (168, 5447, '2023-12-02', 1);
INSERT INTO despesa (id_despesa, vlr_despesa, dat_compra, id_item) VALUES (169, 15137, '2023-12-02', 2);
INSERT INTO despesa (id_despesa, vlr_despesa, dat_compra, id_item) VALUES (170, 2430, '2023-12-02', 4);
INSERT INTO despesa (id_despesa, vlr_despesa, dat_compra, id_item) VALUES (230, 201, '2023-12-03', 1);
INSERT INTO despesa (id_despesa, vlr_despesa, dat_compra, id_item) VALUES (231, 1448, '2023-12-03', 1);
INSERT INTO despesa (id_despesa, vlr_despesa, dat_compra, id_item) VALUES (171, 201, '2024-01-02', 1);
INSERT INTO despesa (id_despesa, vlr_despesa, dat_compra, id_item) VALUES (172, 2101, '2024-01-02', 1);
INSERT INTO despesa (id_despesa, vlr_despesa, dat_compra, id_item) VALUES (173, 39017, '2024-01-02', 2);
INSERT INTO despesa (id_despesa, vlr_despesa, dat_compra, id_item) VALUES (232, 1189, '2024-01-03', 1);
INSERT INTO despesa (id_despesa, vlr_despesa, dat_compra, id_item) VALUES (233, 386, '2024-01-03', 1);
INSERT INTO despesa (id_despesa, vlr_despesa, dat_compra, id_item) VALUES (234, 6653, '2024-01-03', 1);
INSERT INTO despesa (id_despesa, vlr_despesa, dat_compra, id_item) VALUES (279, 1788, '2024-01-04', 1);
INSERT INTO despesa (id_despesa, vlr_despesa, dat_compra, id_item) VALUES (280, 5382, '2024-01-04', 2);
INSERT INTO despesa (id_despesa, vlr_despesa, dat_compra, id_item) VALUES (281, 4025, '2024-02-04', 1);
INSERT INTO despesa (id_despesa, vlr_despesa, dat_compra, id_item) VALUES (282, 1548, '2024-02-04', 1);
INSERT INTO despesa (id_despesa, vlr_despesa, dat_compra, id_item) VALUES (283, 4716, '2024-02-04', 1);
INSERT INTO despesa (id_despesa, vlr_despesa, dat_compra, id_item) VALUES (284, 5537, '2024-02-04', 2);
INSERT INTO despesa (id_despesa, vlr_despesa, dat_compra, id_item) VALUES (285, 402, '2024-02-04', 3);
INSERT INTO despesa (id_despesa, vlr_despesa, dat_compra, id_item) VALUES (286, 402, '2024-02-04', 3);
INSERT INTO despesa (id_despesa, vlr_despesa, dat_compra, id_item) VALUES (287, 402, '2024-02-04', 3);
INSERT INTO despesa (id_despesa, vlr_despesa, dat_compra, id_item) VALUES (288, 402, '2024-02-04', 3);
INSERT INTO despesa (id_despesa, vlr_despesa, dat_compra, id_item) VALUES (289, 402, '2024-02-04', 3);
INSERT INTO despesa (id_despesa, vlr_despesa, dat_compra, id_item) VALUES (290, 402, '2024-02-04', 3);
INSERT INTO despesa (id_despesa, vlr_despesa, dat_compra, id_item) VALUES (291, 4058, '2024-03-04', 11);
INSERT INTO despesa (id_despesa, vlr_despesa, dat_compra, id_item) VALUES (292, 1973, '2024-03-04', 11);
INSERT INTO despesa (id_despesa, vlr_despesa, dat_compra, id_item) VALUES (293, 93, '2024-03-04', 1);
INSERT INTO despesa (id_despesa, vlr_despesa, dat_compra, id_item) VALUES (294, 69806, '2024-03-04', 10);
INSERT INTO despesa (id_despesa, vlr_despesa, dat_compra, id_item) VALUES (295, 61257, '2024-03-04', 10);
INSERT INTO despesa (id_despesa, vlr_despesa, dat_compra, id_item) VALUES (296, 49951, '2024-03-04', 10);
INSERT INTO despesa (id_despesa, vlr_despesa, dat_compra, id_item) VALUES (297, 54246, '2024-03-04', 10);
INSERT INTO despesa (id_despesa, vlr_despesa, dat_compra, id_item) VALUES (298, 47055, '2024-03-04', 10);
INSERT INTO despesa (id_despesa, vlr_despesa, dat_compra, id_item) VALUES (299, 60425, '2024-03-04', 10);
INSERT INTO despesa (id_despesa, vlr_despesa, dat_compra, id_item) VALUES (235, 3154, '2024-04-03', 2);
INSERT INTO despesa (id_despesa, vlr_despesa, dat_compra, id_item) VALUES (236, 1944, '2024-04-03', 1);
INSERT INTO despesa (id_despesa, vlr_despesa, dat_compra, id_item) VALUES (237, 140, '2024-04-03', 1);
INSERT INTO despesa (id_despesa, vlr_despesa, dat_compra, id_item) VALUES (238, 9692, '2024-04-03', 8);
INSERT INTO despesa (id_despesa, vlr_despesa, dat_compra, id_item) VALUES (239, 8613, '2024-04-03', 8);
INSERT INTO despesa (id_despesa, vlr_despesa, dat_compra, id_item) VALUES (240, 11149, '2024-04-03', 8);
INSERT INTO despesa (id_despesa, vlr_despesa, dat_compra, id_item) VALUES (241, 1489, '2024-04-03', 8);
INSERT INTO despesa (id_despesa, vlr_despesa, dat_compra, id_item) VALUES (242, 17005, '2024-04-03', 9);
INSERT INTO despesa (id_despesa, vlr_despesa, dat_compra, id_item) VALUES (243, 16650, '2024-04-03', 9);
INSERT INTO despesa (id_despesa, vlr_despesa, dat_compra, id_item) VALUES (244, 14728, '2024-04-03', 9);
INSERT INTO despesa (id_despesa, vlr_despesa, dat_compra, id_item) VALUES (300, 1688, '2024-04-04', 1);
INSERT INTO despesa (id_despesa, vlr_despesa, dat_compra, id_item) VALUES (301, 21331, '2024-04-04', 8);
INSERT INTO despesa (id_despesa, vlr_despesa, dat_compra, id_item) VALUES (302, 15766, '2024-04-04', 8);
INSERT INTO despesa (id_despesa, vlr_despesa, dat_compra, id_item) VALUES (245, 1595, '2024-05-03', 2);
INSERT INTO despesa (id_despesa, vlr_despesa, dat_compra, id_item) VALUES (246, 2399, '2024-05-03', 6);
INSERT INTO despesa (id_despesa, vlr_despesa, dat_compra, id_item) VALUES (247, 69806, '2024-05-03', 10);
INSERT INTO despesa (id_despesa, vlr_despesa, dat_compra, id_item) VALUES (248, 54959, '2024-05-03', 10);
INSERT INTO despesa (id_despesa, vlr_despesa, dat_compra, id_item) VALUES (249, 49951, '2024-05-03', 10);
INSERT INTO despesa (id_despesa, vlr_despesa, dat_compra, id_item) VALUES (250, 54246, '2024-05-03', 10);
INSERT INTO despesa (id_despesa, vlr_despesa, dat_compra, id_item) VALUES (251, 46155, '2024-05-03', 10);
INSERT INTO despesa (id_despesa, vlr_despesa, dat_compra, id_item) VALUES (252, 57505, '2024-05-03', 10);
INSERT INTO despesa (id_despesa, vlr_despesa, dat_compra, id_item) VALUES (303, 1688, '2024-05-04', 1);
INSERT INTO despesa (id_despesa, vlr_despesa, dat_compra, id_item) VALUES (253, 2054, '2024-06-03', 11);
INSERT INTO despesa (id_despesa, vlr_despesa, dat_compra, id_item) VALUES (254, 1020, '2024-06-03', 11);
INSERT INTO despesa (id_despesa, vlr_despesa, dat_compra, id_item) VALUES (255, 909, '2024-07-03', 1);
INSERT INTO despesa (id_despesa, vlr_despesa, dat_compra, id_item) VALUES (256, 341, '2024-07-03', 1);
INSERT INTO despesa (id_despesa, vlr_despesa, dat_compra, id_item) VALUES (257, 1028, '2024-07-03', 1);
INSERT INTO despesa (id_despesa, vlr_despesa, dat_compra, id_item) VALUES (258, 713, '2024-07-03', 1);


--
-- Data for Name: partido; Type: TABLE DATA; Schema: tp2; Owner: postgres
--

INSERT INTO partido (id_partido, nom_partido, sigla) VALUES (14, 'Partido Trabalhista Brasileiro', 'PTB');
INSERT INTO partido (id_partido, nom_partido, sigla) VALUES (13, 'Partido dos Trabalhadores', 'PT');
INSERT INTO partido (id_partido, nom_partido, sigla) VALUES (45, 'Partido da Social Democracia Brasileira', 'PDSB');
INSERT INTO partido (id_partido, nom_partido, sigla) VALUES (15, 'Movimento Democrático Brasileiro', 'MDB');
INSERT INTO partido (id_partido, nom_partido, sigla) VALUES (90, 'Partido Republicano da Ordem Social', 'PROS');


--
-- Data for Name: presidente; Type: TABLE DATA; Schema: tp2; Owner: postgres
--

INSERT INTO presidente (id_presidente, nom_presidente, num_mandato) VALUES (1, 'DILMA ROUSSEFF', '2');
INSERT INTO presidente (id_presidente, nom_presidente, num_mandato) VALUES (2, 'FERNANDO COLLOR', '1');
INSERT INTO presidente (id_presidente, nom_presidente, num_mandato) VALUES (3, 'FERNANDO HENRIQUE', '2');
INSERT INTO presidente (id_presidente, nom_presidente, num_mandato) VALUES (4, 'JOSE SARNEY', '1');
INSERT INTO presidente (id_presidente, nom_presidente, num_mandato) VALUES (5, 'LULA DA SILVA', '2');
INSERT INTO presidente (id_presidente, nom_presidente, num_mandato) VALUES (6, 'MICHEL TEMER', '1');


--
-- Data for Name: partido_presidente; Type: TABLE DATA; Schema: tp2; Owner: postgres
--

INSERT INTO partido_presidente (id_partido_presidente, id_partido, id_presidente, id_despesa) VALUES (1, 13, 1, 1);
INSERT INTO partido_presidente (id_partido_presidente, id_partido, id_presidente, id_despesa) VALUES (2, 13, 5, 2);
INSERT INTO partido_presidente (id_partido_presidente, id_partido, id_presidente, id_despesa) VALUES (3, 15, 6, 3);
INSERT INTO partido_presidente (id_partido_presidente, id_partido, id_presidente, id_despesa) VALUES (4, 13, 1, 4);
INSERT INTO partido_presidente (id_partido_presidente, id_partido, id_presidente, id_despesa) VALUES (5, 14, 2, 5);
INSERT INTO partido_presidente (id_partido_presidente, id_partido, id_presidente, id_despesa) VALUES (6, 13, 1, 6);
INSERT INTO partido_presidente (id_partido_presidente, id_partido, id_presidente, id_despesa) VALUES (7, 14, 2, 7);
INSERT INTO partido_presidente (id_partido_presidente, id_partido, id_presidente, id_despesa) VALUES (8, 45, 3, 8);
INSERT INTO partido_presidente (id_partido_presidente, id_partido, id_presidente, id_despesa) VALUES (9, 13, 1, 9);
INSERT INTO partido_presidente (id_partido_presidente, id_partido, id_presidente, id_despesa) VALUES (10, 13, 5, 10);
INSERT INTO partido_presidente (id_partido_presidente, id_partido, id_presidente, id_despesa) VALUES (11, 15, 6, 11);
INSERT INTO partido_presidente (id_partido_presidente, id_partido, id_presidente, id_despesa) VALUES (12, 13, 1, 12);
INSERT INTO partido_presidente (id_partido_presidente, id_partido, id_presidente, id_despesa) VALUES (13, 14, 2, 13);
INSERT INTO partido_presidente (id_partido_presidente, id_partido, id_presidente, id_despesa) VALUES (14, 13, 1, 14);
INSERT INTO partido_presidente (id_partido_presidente, id_partido, id_presidente, id_despesa) VALUES (15, 14, 2, 15);
INSERT INTO partido_presidente (id_partido_presidente, id_partido, id_presidente, id_despesa) VALUES (16, 45, 3, 16);
INSERT INTO partido_presidente (id_partido_presidente, id_partido, id_presidente, id_despesa) VALUES (17, 13, 1, 17);
INSERT INTO partido_presidente (id_partido_presidente, id_partido, id_presidente, id_despesa) VALUES (18, 13, 5, 18);
INSERT INTO partido_presidente (id_partido_presidente, id_partido, id_presidente, id_despesa) VALUES (19, 15, 6, 19);
INSERT INTO partido_presidente (id_partido_presidente, id_partido, id_presidente, id_despesa) VALUES (20, 13, 1, 20);
INSERT INTO partido_presidente (id_partido_presidente, id_partido, id_presidente, id_despesa) VALUES (21, 14, 2, 21);
INSERT INTO partido_presidente (id_partido_presidente, id_partido, id_presidente, id_despesa) VALUES (22, 13, 1, 22);
INSERT INTO partido_presidente (id_partido_presidente, id_partido, id_presidente, id_despesa) VALUES (23, 14, 2, 23);
INSERT INTO partido_presidente (id_partido_presidente, id_partido, id_presidente, id_despesa) VALUES (24, 45, 3, 24);
INSERT INTO partido_presidente (id_partido_presidente, id_partido, id_presidente, id_despesa) VALUES (25, 13, 1, 25);
INSERT INTO partido_presidente (id_partido_presidente, id_partido, id_presidente, id_despesa) VALUES (26, 13, 5, 26);
INSERT INTO partido_presidente (id_partido_presidente, id_partido, id_presidente, id_despesa) VALUES (27, 15, 6, 27);
INSERT INTO partido_presidente (id_partido_presidente, id_partido, id_presidente, id_despesa) VALUES (28, 13, 1, 28);
INSERT INTO partido_presidente (id_partido_presidente, id_partido, id_presidente, id_despesa) VALUES (29, 14, 2, 29);
INSERT INTO partido_presidente (id_partido_presidente, id_partido, id_presidente, id_despesa) VALUES (30, 13, 1, 30);
INSERT INTO partido_presidente (id_partido_presidente, id_partido, id_presidente, id_despesa) VALUES (31, 14, 2, 31);
INSERT INTO partido_presidente (id_partido_presidente, id_partido, id_presidente, id_despesa) VALUES (32, 45, 3, 32);
INSERT INTO partido_presidente (id_partido_presidente, id_partido, id_presidente, id_despesa) VALUES (33, 13, 1, 33);
INSERT INTO partido_presidente (id_partido_presidente, id_partido, id_presidente, id_despesa) VALUES (34, 13, 5, 34);
INSERT INTO partido_presidente (id_partido_presidente, id_partido, id_presidente, id_despesa) VALUES (35, 15, 6, 35);
INSERT INTO partido_presidente (id_partido_presidente, id_partido, id_presidente, id_despesa) VALUES (36, 13, 1, 36);
INSERT INTO partido_presidente (id_partido_presidente, id_partido, id_presidente, id_despesa) VALUES (37, 14, 2, 37);
INSERT INTO partido_presidente (id_partido_presidente, id_partido, id_presidente, id_despesa) VALUES (38, 13, 1, 38);
INSERT INTO partido_presidente (id_partido_presidente, id_partido, id_presidente, id_despesa) VALUES (39, 14, 2, 39);
INSERT INTO partido_presidente (id_partido_presidente, id_partido, id_presidente, id_despesa) VALUES (40, 45, 3, 40);
INSERT INTO partido_presidente (id_partido_presidente, id_partido, id_presidente, id_despesa) VALUES (41, 13, 1, 41);
INSERT INTO partido_presidente (id_partido_presidente, id_partido, id_presidente, id_despesa) VALUES (42, 13, 5, 42);
INSERT INTO partido_presidente (id_partido_presidente, id_partido, id_presidente, id_despesa) VALUES (43, 15, 6, 43);
INSERT INTO partido_presidente (id_partido_presidente, id_partido, id_presidente, id_despesa) VALUES (44, 13, 1, 44);
INSERT INTO partido_presidente (id_partido_presidente, id_partido, id_presidente, id_despesa) VALUES (45, 14, 2, 45);
INSERT INTO partido_presidente (id_partido_presidente, id_partido, id_presidente, id_despesa) VALUES (46, 13, 1, 46);
INSERT INTO partido_presidente (id_partido_presidente, id_partido, id_presidente, id_despesa) VALUES (47, 14, 2, 47);
INSERT INTO partido_presidente (id_partido_presidente, id_partido, id_presidente, id_despesa) VALUES (48, 45, 3, 48);
INSERT INTO partido_presidente (id_partido_presidente, id_partido, id_presidente, id_despesa) VALUES (49, 13, 1, 49);
INSERT INTO partido_presidente (id_partido_presidente, id_partido, id_presidente, id_despesa) VALUES (50, 13, 5, 50);
INSERT INTO partido_presidente (id_partido_presidente, id_partido, id_presidente, id_despesa) VALUES (51, 15, 6, 51);
INSERT INTO partido_presidente (id_partido_presidente, id_partido, id_presidente, id_despesa) VALUES (52, 13, 1, 52);
INSERT INTO partido_presidente (id_partido_presidente, id_partido, id_presidente, id_despesa) VALUES (53, 90, 2, 53);
INSERT INTO partido_presidente (id_partido_presidente, id_partido, id_presidente, id_despesa) VALUES (54, 13, 1, 54);
INSERT INTO partido_presidente (id_partido_presidente, id_partido, id_presidente, id_despesa) VALUES (55, 90, 2, 55);
INSERT INTO partido_presidente (id_partido_presidente, id_partido, id_presidente, id_despesa) VALUES (56, 45, 3, 56);
INSERT INTO partido_presidente (id_partido_presidente, id_partido, id_presidente, id_despesa) VALUES (57, 15, 4, 57);
INSERT INTO partido_presidente (id_partido_presidente, id_partido, id_presidente, id_despesa) VALUES (58, 13, 5, 58);
INSERT INTO partido_presidente (id_partido_presidente, id_partido, id_presidente, id_despesa) VALUES (59, 15, 6, 59);
INSERT INTO partido_presidente (id_partido_presidente, id_partido, id_presidente, id_despesa) VALUES (60, 15, 4, 60);
INSERT INTO partido_presidente (id_partido_presidente, id_partido, id_presidente, id_despesa) VALUES (61, 13, 1, 61);
INSERT INTO partido_presidente (id_partido_presidente, id_partido, id_presidente, id_despesa) VALUES (62, 90, 2, 62);
INSERT INTO partido_presidente (id_partido_presidente, id_partido, id_presidente, id_despesa) VALUES (63, 45, 3, 63);
INSERT INTO partido_presidente (id_partido_presidente, id_partido, id_presidente, id_despesa) VALUES (64, 15, 4, 64);
INSERT INTO partido_presidente (id_partido_presidente, id_partido, id_presidente, id_despesa) VALUES (65, 13, 5, 65);
INSERT INTO partido_presidente (id_partido_presidente, id_partido, id_presidente, id_despesa) VALUES (66, 15, 6, 66);
INSERT INTO partido_presidente (id_partido_presidente, id_partido, id_presidente, id_despesa) VALUES (67, 15, 6, 67);
INSERT INTO partido_presidente (id_partido_presidente, id_partido, id_presidente, id_despesa) VALUES (68, 13, 1, 68);
INSERT INTO partido_presidente (id_partido_presidente, id_partido, id_presidente, id_despesa) VALUES (69, 15, 4, 69);
INSERT INTO partido_presidente (id_partido_presidente, id_partido, id_presidente, id_despesa) VALUES (70, 15, 6, 70);
INSERT INTO partido_presidente (id_partido_presidente, id_partido, id_presidente, id_despesa) VALUES (71, 13, 1, 71);
INSERT INTO partido_presidente (id_partido_presidente, id_partido, id_presidente, id_despesa) VALUES (72, 90, 2, 72);
INSERT INTO partido_presidente (id_partido_presidente, id_partido, id_presidente, id_despesa) VALUES (73, 45, 3, 73);
INSERT INTO partido_presidente (id_partido_presidente, id_partido, id_presidente, id_despesa) VALUES (74, 15, 4, 74);
INSERT INTO partido_presidente (id_partido_presidente, id_partido, id_presidente, id_despesa) VALUES (75, 13, 5, 75);
INSERT INTO partido_presidente (id_partido_presidente, id_partido, id_presidente, id_despesa) VALUES (76, 15, 6, 76);
INSERT INTO partido_presidente (id_partido_presidente, id_partido, id_presidente, id_despesa) VALUES (77, 13, 1, 77);
INSERT INTO partido_presidente (id_partido_presidente, id_partido, id_presidente, id_despesa) VALUES (78, 90, 2, 78);
INSERT INTO partido_presidente (id_partido_presidente, id_partido, id_presidente, id_despesa) VALUES (79, 45, 3, 79);
INSERT INTO partido_presidente (id_partido_presidente, id_partido, id_presidente, id_despesa) VALUES (80, 15, 4, 80);
INSERT INTO partido_presidente (id_partido_presidente, id_partido, id_presidente, id_despesa) VALUES (81, 13, 5, 81);
INSERT INTO partido_presidente (id_partido_presidente, id_partido, id_presidente, id_despesa) VALUES (82, 15, 6, 82);
INSERT INTO partido_presidente (id_partido_presidente, id_partido, id_presidente, id_despesa) VALUES (83, 13, 1, 83);
INSERT INTO partido_presidente (id_partido_presidente, id_partido, id_presidente, id_despesa) VALUES (84, 90, 2, 84);
INSERT INTO partido_presidente (id_partido_presidente, id_partido, id_presidente, id_despesa) VALUES (85, 45, 3, 85);
INSERT INTO partido_presidente (id_partido_presidente, id_partido, id_presidente, id_despesa) VALUES (86, 15, 4, 86);
INSERT INTO partido_presidente (id_partido_presidente, id_partido, id_presidente, id_despesa) VALUES (87, 13, 5, 87);
INSERT INTO partido_presidente (id_partido_presidente, id_partido, id_presidente, id_despesa) VALUES (88, 15, 6, 88);
INSERT INTO partido_presidente (id_partido_presidente, id_partido, id_presidente, id_despesa) VALUES (89, 13, 1, 89);
INSERT INTO partido_presidente (id_partido_presidente, id_partido, id_presidente, id_despesa) VALUES (90, 90, 2, 90);
INSERT INTO partido_presidente (id_partido_presidente, id_partido, id_presidente, id_despesa) VALUES (91, 45, 3, 91);
INSERT INTO partido_presidente (id_partido_presidente, id_partido, id_presidente, id_despesa) VALUES (92, 15, 4, 92);
INSERT INTO partido_presidente (id_partido_presidente, id_partido, id_presidente, id_despesa) VALUES (93, 13, 5, 93);
INSERT INTO partido_presidente (id_partido_presidente, id_partido, id_presidente, id_despesa) VALUES (94, 15, 6, 94);
INSERT INTO partido_presidente (id_partido_presidente, id_partido, id_presidente, id_despesa) VALUES (95, 13, 1, 95);
INSERT INTO partido_presidente (id_partido_presidente, id_partido, id_presidente, id_despesa) VALUES (96, 90, 2, 96);
INSERT INTO partido_presidente (id_partido_presidente, id_partido, id_presidente, id_despesa) VALUES (97, 45, 3, 97);
INSERT INTO partido_presidente (id_partido_presidente, id_partido, id_presidente, id_despesa) VALUES (98, 15, 4, 98);
INSERT INTO partido_presidente (id_partido_presidente, id_partido, id_presidente, id_despesa) VALUES (99, 13, 5, 99);
INSERT INTO partido_presidente (id_partido_presidente, id_partido, id_presidente, id_despesa) VALUES (100, 15, 6, 100);
INSERT INTO partido_presidente (id_partido_presidente, id_partido, id_presidente, id_despesa) VALUES (101, 13, 1, 101);
INSERT INTO partido_presidente (id_partido_presidente, id_partido, id_presidente, id_despesa) VALUES (102, 90, 2, 102);
INSERT INTO partido_presidente (id_partido_presidente, id_partido, id_presidente, id_despesa) VALUES (103, 45, 3, 103);
INSERT INTO partido_presidente (id_partido_presidente, id_partido, id_presidente, id_despesa) VALUES (104, 15, 4, 104);
INSERT INTO partido_presidente (id_partido_presidente, id_partido, id_presidente, id_despesa) VALUES (105, 13, 5, 105);
INSERT INTO partido_presidente (id_partido_presidente, id_partido, id_presidente, id_despesa) VALUES (106, 15, 6, 106);
INSERT INTO partido_presidente (id_partido_presidente, id_partido, id_presidente, id_despesa) VALUES (107, 13, 1, 107);
INSERT INTO partido_presidente (id_partido_presidente, id_partido, id_presidente, id_despesa) VALUES (108, 90, 2, 108);
INSERT INTO partido_presidente (id_partido_presidente, id_partido, id_presidente, id_despesa) VALUES (109, 45, 3, 109);
INSERT INTO partido_presidente (id_partido_presidente, id_partido, id_presidente, id_despesa) VALUES (110, 15, 4, 110);
INSERT INTO partido_presidente (id_partido_presidente, id_partido, id_presidente, id_despesa) VALUES (111, 13, 5, 111);
INSERT INTO partido_presidente (id_partido_presidente, id_partido, id_presidente, id_despesa) VALUES (112, 15, 6, 112);
INSERT INTO partido_presidente (id_partido_presidente, id_partido, id_presidente, id_despesa) VALUES (113, 13, 1, 113);
INSERT INTO partido_presidente (id_partido_presidente, id_partido, id_presidente, id_despesa) VALUES (114, 90, 2, 114);
INSERT INTO partido_presidente (id_partido_presidente, id_partido, id_presidente, id_despesa) VALUES (115, 45, 3, 115);
INSERT INTO partido_presidente (id_partido_presidente, id_partido, id_presidente, id_despesa) VALUES (116, 15, 4, 116);
INSERT INTO partido_presidente (id_partido_presidente, id_partido, id_presidente, id_despesa) VALUES (117, 13, 5, 117);
INSERT INTO partido_presidente (id_partido_presidente, id_partido, id_presidente, id_despesa) VALUES (118, 15, 6, 118);
INSERT INTO partido_presidente (id_partido_presidente, id_partido, id_presidente, id_despesa) VALUES (119, 13, 1, 119);
INSERT INTO partido_presidente (id_partido_presidente, id_partido, id_presidente, id_despesa) VALUES (120, 90, 2, 120);
INSERT INTO partido_presidente (id_partido_presidente, id_partido, id_presidente, id_despesa) VALUES (121, 45, 3, 121);
INSERT INTO partido_presidente (id_partido_presidente, id_partido, id_presidente, id_despesa) VALUES (122, 15, 4, 122);
INSERT INTO partido_presidente (id_partido_presidente, id_partido, id_presidente, id_despesa) VALUES (123, 13, 5, 123);
INSERT INTO partido_presidente (id_partido_presidente, id_partido, id_presidente, id_despesa) VALUES (124, 15, 6, 124);
INSERT INTO partido_presidente (id_partido_presidente, id_partido, id_presidente, id_despesa) VALUES (125, 13, 1, 125);
INSERT INTO partido_presidente (id_partido_presidente, id_partido, id_presidente, id_despesa) VALUES (126, 90, 2, 126);
INSERT INTO partido_presidente (id_partido_presidente, id_partido, id_presidente, id_despesa) VALUES (127, 45, 3, 127);
INSERT INTO partido_presidente (id_partido_presidente, id_partido, id_presidente, id_despesa) VALUES (128, 15, 4, 128);
INSERT INTO partido_presidente (id_partido_presidente, id_partido, id_presidente, id_despesa) VALUES (129, 13, 5, 129);
INSERT INTO partido_presidente (id_partido_presidente, id_partido, id_presidente, id_despesa) VALUES (130, 15, 6, 130);
INSERT INTO partido_presidente (id_partido_presidente, id_partido, id_presidente, id_despesa) VALUES (131, 13, 1, 131);
INSERT INTO partido_presidente (id_partido_presidente, id_partido, id_presidente, id_despesa) VALUES (132, 90, 2, 132);
INSERT INTO partido_presidente (id_partido_presidente, id_partido, id_presidente, id_despesa) VALUES (133, 45, 3, 133);
INSERT INTO partido_presidente (id_partido_presidente, id_partido, id_presidente, id_despesa) VALUES (134, 15, 4, 134);
INSERT INTO partido_presidente (id_partido_presidente, id_partido, id_presidente, id_despesa) VALUES (135, 13, 5, 135);
INSERT INTO partido_presidente (id_partido_presidente, id_partido, id_presidente, id_despesa) VALUES (136, 15, 6, 136);
INSERT INTO partido_presidente (id_partido_presidente, id_partido, id_presidente, id_despesa) VALUES (137, 13, 1, 137);
INSERT INTO partido_presidente (id_partido_presidente, id_partido, id_presidente, id_despesa) VALUES (138, 90, 2, 138);
INSERT INTO partido_presidente (id_partido_presidente, id_partido, id_presidente, id_despesa) VALUES (139, 45, 3, 139);
INSERT INTO partido_presidente (id_partido_presidente, id_partido, id_presidente, id_despesa) VALUES (140, 15, 4, 140);
INSERT INTO partido_presidente (id_partido_presidente, id_partido, id_presidente, id_despesa) VALUES (141, 13, 5, 141);
INSERT INTO partido_presidente (id_partido_presidente, id_partido, id_presidente, id_despesa) VALUES (142, 15, 6, 142);
INSERT INTO partido_presidente (id_partido_presidente, id_partido, id_presidente, id_despesa) VALUES (143, 90, 2, 143);
INSERT INTO partido_presidente (id_partido_presidente, id_partido, id_presidente, id_despesa) VALUES (144, 15, 4, 144);
INSERT INTO partido_presidente (id_partido_presidente, id_partido, id_presidente, id_despesa) VALUES (145, 13, 5, 145);
INSERT INTO partido_presidente (id_partido_presidente, id_partido, id_presidente, id_despesa) VALUES (146, 13, 5, 146);
INSERT INTO partido_presidente (id_partido_presidente, id_partido, id_presidente, id_despesa) VALUES (147, 90, 2, 147);
INSERT INTO partido_presidente (id_partido_presidente, id_partido, id_presidente, id_despesa) VALUES (148, 15, 4, 148);
INSERT INTO partido_presidente (id_partido_presidente, id_partido, id_presidente, id_despesa) VALUES (149, 13, 1, 149);
INSERT INTO partido_presidente (id_partido_presidente, id_partido, id_presidente, id_despesa) VALUES (150, 90, 2, 150);
INSERT INTO partido_presidente (id_partido_presidente, id_partido, id_presidente, id_despesa) VALUES (151, 15, 4, 151);
INSERT INTO partido_presidente (id_partido_presidente, id_partido, id_presidente, id_despesa) VALUES (152, 15, 6, 152);
INSERT INTO partido_presidente (id_partido_presidente, id_partido, id_presidente, id_despesa) VALUES (153, 13, 1, 153);
INSERT INTO partido_presidente (id_partido_presidente, id_partido, id_presidente, id_despesa) VALUES (154, 13, 1, 154);
INSERT INTO partido_presidente (id_partido_presidente, id_partido, id_presidente, id_despesa) VALUES (155, 13, 1, 155);
INSERT INTO partido_presidente (id_partido_presidente, id_partido, id_presidente, id_despesa) VALUES (156, 13, 5, 156);
INSERT INTO partido_presidente (id_partido_presidente, id_partido, id_presidente, id_despesa) VALUES (157, 90, 2, 157);
INSERT INTO partido_presidente (id_partido_presidente, id_partido, id_presidente, id_despesa) VALUES (158, 90, 2, 158);
INSERT INTO partido_presidente (id_partido_presidente, id_partido, id_presidente, id_despesa) VALUES (159, 13, 1, 159);
INSERT INTO partido_presidente (id_partido_presidente, id_partido, id_presidente, id_despesa) VALUES (160, 90, 2, 160);
INSERT INTO partido_presidente (id_partido_presidente, id_partido, id_presidente, id_despesa) VALUES (161, 45, 3, 161);
INSERT INTO partido_presidente (id_partido_presidente, id_partido, id_presidente, id_despesa) VALUES (162, 15, 4, 162);
INSERT INTO partido_presidente (id_partido_presidente, id_partido, id_presidente, id_despesa) VALUES (163, 13, 5, 163);
INSERT INTO partido_presidente (id_partido_presidente, id_partido, id_presidente, id_despesa) VALUES (164, 15, 6, 164);
INSERT INTO partido_presidente (id_partido_presidente, id_partido, id_presidente, id_despesa) VALUES (165, 90, 2, 165);
INSERT INTO partido_presidente (id_partido_presidente, id_partido, id_presidente, id_despesa) VALUES (166, 15, 4, 166);
INSERT INTO partido_presidente (id_partido_presidente, id_partido, id_presidente, id_despesa) VALUES (167, 13, 1, 167);
INSERT INTO partido_presidente (id_partido_presidente, id_partido, id_presidente, id_despesa) VALUES (168, 13, 5, 168);
INSERT INTO partido_presidente (id_partido_presidente, id_partido, id_presidente, id_despesa) VALUES (169, 13, 5, 169);
INSERT INTO partido_presidente (id_partido_presidente, id_partido, id_presidente, id_despesa) VALUES (170, 15, 6, 170);
INSERT INTO partido_presidente (id_partido_presidente, id_partido, id_presidente, id_despesa) VALUES (171, 13, 1, 171);
INSERT INTO partido_presidente (id_partido_presidente, id_partido, id_presidente, id_despesa) VALUES (172, 90, 2, 172);
INSERT INTO partido_presidente (id_partido_presidente, id_partido, id_presidente, id_despesa) VALUES (173, 13, 5, 173);
INSERT INTO partido_presidente (id_partido_presidente, id_partido, id_presidente, id_despesa) VALUES (174, 13, 1, 174);
INSERT INTO partido_presidente (id_partido_presidente, id_partido, id_presidente, id_despesa) VALUES (175, 90, 2, 175);
INSERT INTO partido_presidente (id_partido_presidente, id_partido, id_presidente, id_despesa) VALUES (176, 15, 4, 176);
INSERT INTO partido_presidente (id_partido_presidente, id_partido, id_presidente, id_despesa) VALUES (177, 13, 5, 177);
INSERT INTO partido_presidente (id_partido_presidente, id_partido, id_presidente, id_despesa) VALUES (178, 15, 6, 178);
INSERT INTO partido_presidente (id_partido_presidente, id_partido, id_presidente, id_despesa) VALUES (179, 90, 2, 179);
INSERT INTO partido_presidente (id_partido_presidente, id_partido, id_presidente, id_despesa) VALUES (180, 90, 2, 180);
INSERT INTO partido_presidente (id_partido_presidente, id_partido, id_presidente, id_despesa) VALUES (181, 13, 5, 181);
INSERT INTO partido_presidente (id_partido_presidente, id_partido, id_presidente, id_despesa) VALUES (182, 90, 2, 182);
INSERT INTO partido_presidente (id_partido_presidente, id_partido, id_presidente, id_despesa) VALUES (183, 90, 2, 183);
INSERT INTO partido_presidente (id_partido_presidente, id_partido, id_presidente, id_despesa) VALUES (184, 15, 6, 184);
INSERT INTO partido_presidente (id_partido_presidente, id_partido, id_presidente, id_despesa) VALUES (185, 90, 2, 185);
INSERT INTO partido_presidente (id_partido_presidente, id_partido, id_presidente, id_despesa) VALUES (186, 15, 6, 186);
INSERT INTO partido_presidente (id_partido_presidente, id_partido, id_presidente, id_despesa) VALUES (187, 90, 2, 187);
INSERT INTO partido_presidente (id_partido_presidente, id_partido, id_presidente, id_despesa) VALUES (188, 13, 5, 188);
INSERT INTO partido_presidente (id_partido_presidente, id_partido, id_presidente, id_despesa) VALUES (189, 90, 2, 189);
INSERT INTO partido_presidente (id_partido_presidente, id_partido, id_presidente, id_despesa) VALUES (190, 13, 1, 190);
INSERT INTO partido_presidente (id_partido_presidente, id_partido, id_presidente, id_despesa) VALUES (191, 90, 2, 191);
INSERT INTO partido_presidente (id_partido_presidente, id_partido, id_presidente, id_despesa) VALUES (192, 45, 3, 192);
INSERT INTO partido_presidente (id_partido_presidente, id_partido, id_presidente, id_despesa) VALUES (193, 15, 4, 193);
INSERT INTO partido_presidente (id_partido_presidente, id_partido, id_presidente, id_despesa) VALUES (194, 13, 5, 194);
INSERT INTO partido_presidente (id_partido_presidente, id_partido, id_presidente, id_despesa) VALUES (195, 15, 6, 195);
INSERT INTO partido_presidente (id_partido_presidente, id_partido, id_presidente, id_despesa) VALUES (196, 90, 2, 196);
INSERT INTO partido_presidente (id_partido_presidente, id_partido, id_presidente, id_despesa) VALUES (197, 15, 6, 197);
INSERT INTO partido_presidente (id_partido_presidente, id_partido, id_presidente, id_despesa) VALUES (198, 13, 1, 198);
INSERT INTO partido_presidente (id_partido_presidente, id_partido, id_presidente, id_despesa) VALUES (199, 90, 2, 199);
INSERT INTO partido_presidente (id_partido_presidente, id_partido, id_presidente, id_despesa) VALUES (200, 45, 3, 200);
INSERT INTO partido_presidente (id_partido_presidente, id_partido, id_presidente, id_despesa) VALUES (201, 15, 4, 201);
INSERT INTO partido_presidente (id_partido_presidente, id_partido, id_presidente, id_despesa) VALUES (202, 13, 5, 202);
INSERT INTO partido_presidente (id_partido_presidente, id_partido, id_presidente, id_despesa) VALUES (203, 15, 6, 203);
INSERT INTO partido_presidente (id_partido_presidente, id_partido, id_presidente, id_despesa) VALUES (204, 90, 2, 204);
INSERT INTO partido_presidente (id_partido_presidente, id_partido, id_presidente, id_despesa) VALUES (205, 15, 4, 205);
INSERT INTO partido_presidente (id_partido_presidente, id_partido, id_presidente, id_despesa) VALUES (206, 13, 1, 206);
INSERT INTO partido_presidente (id_partido_presidente, id_partido, id_presidente, id_despesa) VALUES (207, 13, 1, 207);
INSERT INTO partido_presidente (id_partido_presidente, id_partido, id_presidente, id_despesa) VALUES (208, 13, 1, 208);
INSERT INTO partido_presidente (id_partido_presidente, id_partido, id_presidente, id_despesa) VALUES (209, 90, 2, 209);
INSERT INTO partido_presidente (id_partido_presidente, id_partido, id_presidente, id_despesa) VALUES (210, 13, 1, 210);
INSERT INTO partido_presidente (id_partido_presidente, id_partido, id_presidente, id_despesa) VALUES (211, 90, 2, 211);
INSERT INTO partido_presidente (id_partido_presidente, id_partido, id_presidente, id_despesa) VALUES (212, 15, 4, 212);
INSERT INTO partido_presidente (id_partido_presidente, id_partido, id_presidente, id_despesa) VALUES (213, 13, 5, 213);
INSERT INTO partido_presidente (id_partido_presidente, id_partido, id_presidente, id_despesa) VALUES (214, 13, 5, 214);
INSERT INTO partido_presidente (id_partido_presidente, id_partido, id_presidente, id_despesa) VALUES (215, 90, 2, 215);
INSERT INTO partido_presidente (id_partido_presidente, id_partido, id_presidente, id_despesa) VALUES (216, 15, 6, 216);
INSERT INTO partido_presidente (id_partido_presidente, id_partido, id_presidente, id_despesa) VALUES (217, 13, 5, 217);
INSERT INTO partido_presidente (id_partido_presidente, id_partido, id_presidente, id_despesa) VALUES (218, 15, 6, 218);
INSERT INTO partido_presidente (id_partido_presidente, id_partido, id_presidente, id_despesa) VALUES (219, 90, 2, 219);
INSERT INTO partido_presidente (id_partido_presidente, id_partido, id_presidente, id_despesa) VALUES (220, 13, 5, 220);
INSERT INTO partido_presidente (id_partido_presidente, id_partido, id_presidente, id_despesa) VALUES (221, 13, 1, 221);
INSERT INTO partido_presidente (id_partido_presidente, id_partido, id_presidente, id_despesa) VALUES (222, 13, 1, 222);
INSERT INTO partido_presidente (id_partido_presidente, id_partido, id_presidente, id_despesa) VALUES (223, 13, 5, 223);
INSERT INTO partido_presidente (id_partido_presidente, id_partido, id_presidente, id_despesa) VALUES (224, 15, 6, 224);
INSERT INTO partido_presidente (id_partido_presidente, id_partido, id_presidente, id_despesa) VALUES (225, 13, 5, 225);
INSERT INTO partido_presidente (id_partido_presidente, id_partido, id_presidente, id_despesa) VALUES (226, 15, 6, 226);
INSERT INTO partido_presidente (id_partido_presidente, id_partido, id_presidente, id_despesa) VALUES (227, 13, 1, 227);
INSERT INTO partido_presidente (id_partido_presidente, id_partido, id_presidente, id_despesa) VALUES (228, 90, 2, 228);
INSERT INTO partido_presidente (id_partido_presidente, id_partido, id_presidente, id_despesa) VALUES (229, 13, 5, 229);
INSERT INTO partido_presidente (id_partido_presidente, id_partido, id_presidente, id_despesa) VALUES (230, 90, 2, 230);
INSERT INTO partido_presidente (id_partido_presidente, id_partido, id_presidente, id_despesa) VALUES (231, 13, 5, 231);
INSERT INTO partido_presidente (id_partido_presidente, id_partido, id_presidente, id_despesa) VALUES (232, 90, 2, 232);
INSERT INTO partido_presidente (id_partido_presidente, id_partido, id_presidente, id_despesa) VALUES (233, 15, 4, 233);
INSERT INTO partido_presidente (id_partido_presidente, id_partido, id_presidente, id_despesa) VALUES (234, 13, 5, 234);
INSERT INTO partido_presidente (id_partido_presidente, id_partido, id_presidente, id_despesa) VALUES (235, 13, 5, 235);
INSERT INTO partido_presidente (id_partido_presidente, id_partido, id_presidente, id_despesa) VALUES (236, 13, 5, 236);
INSERT INTO partido_presidente (id_partido_presidente, id_partido, id_presidente, id_despesa) VALUES (237, 15, 6, 237);
INSERT INTO partido_presidente (id_partido_presidente, id_partido, id_presidente, id_despesa) VALUES (238, 13, 1, 238);
INSERT INTO partido_presidente (id_partido_presidente, id_partido, id_presidente, id_despesa) VALUES (239, 90, 2, 239);
INSERT INTO partido_presidente (id_partido_presidente, id_partido, id_presidente, id_despesa) VALUES (240, 13, 5, 240);
INSERT INTO partido_presidente (id_partido_presidente, id_partido, id_presidente, id_despesa) VALUES (241, 15, 6, 241);
INSERT INTO partido_presidente (id_partido_presidente, id_partido, id_presidente, id_despesa) VALUES (242, 13, 1, 242);
INSERT INTO partido_presidente (id_partido_presidente, id_partido, id_presidente, id_despesa) VALUES (243, 13, 5, 243);
INSERT INTO partido_presidente (id_partido_presidente, id_partido, id_presidente, id_despesa) VALUES (244, 15, 6, 244);
INSERT INTO partido_presidente (id_partido_presidente, id_partido, id_presidente, id_despesa) VALUES (245, 13, 5, 245);
INSERT INTO partido_presidente (id_partido_presidente, id_partido, id_presidente, id_despesa) VALUES (246, 13, 5, 246);
INSERT INTO partido_presidente (id_partido_presidente, id_partido, id_presidente, id_despesa) VALUES (247, 13, 1, 247);
INSERT INTO partido_presidente (id_partido_presidente, id_partido, id_presidente, id_despesa) VALUES (248, 90, 2, 248);
INSERT INTO partido_presidente (id_partido_presidente, id_partido, id_presidente, id_despesa) VALUES (249, 45, 3, 249);
INSERT INTO partido_presidente (id_partido_presidente, id_partido, id_presidente, id_despesa) VALUES (250, 15, 4, 250);
INSERT INTO partido_presidente (id_partido_presidente, id_partido, id_presidente, id_despesa) VALUES (251, 13, 5, 251);
INSERT INTO partido_presidente (id_partido_presidente, id_partido, id_presidente, id_despesa) VALUES (252, 15, 6, 252);
INSERT INTO partido_presidente (id_partido_presidente, id_partido, id_presidente, id_despesa) VALUES (253, 90, 2, 253);
INSERT INTO partido_presidente (id_partido_presidente, id_partido, id_presidente, id_despesa) VALUES (254, 15, 4, 254);
INSERT INTO partido_presidente (id_partido_presidente, id_partido, id_presidente, id_despesa) VALUES (255, 90, 2, 255);
INSERT INTO partido_presidente (id_partido_presidente, id_partido, id_presidente, id_despesa) VALUES (256, 13, 5, 256);
INSERT INTO partido_presidente (id_partido_presidente, id_partido, id_presidente, id_despesa) VALUES (257, 13, 1, 257);
INSERT INTO partido_presidente (id_partido_presidente, id_partido, id_presidente, id_despesa) VALUES (258, 15, 6, 258);
INSERT INTO partido_presidente (id_partido_presidente, id_partido, id_presidente, id_despesa) VALUES (259, 13, 5, 259);
INSERT INTO partido_presidente (id_partido_presidente, id_partido, id_presidente, id_despesa) VALUES (260, 13, 1, 260);
INSERT INTO partido_presidente (id_partido_presidente, id_partido, id_presidente, id_despesa) VALUES (261, 15, 6, 261);
INSERT INTO partido_presidente (id_partido_presidente, id_partido, id_presidente, id_despesa) VALUES (262, 14, 2, 262);
INSERT INTO partido_presidente (id_partido_presidente, id_partido, id_presidente, id_despesa) VALUES (263, 15, 4, 263);
INSERT INTO partido_presidente (id_partido_presidente, id_partido, id_presidente, id_despesa) VALUES (264, 13, 1, 264);
INSERT INTO partido_presidente (id_partido_presidente, id_partido, id_presidente, id_despesa) VALUES (265, 14, 2, 265);
INSERT INTO partido_presidente (id_partido_presidente, id_partido, id_presidente, id_despesa) VALUES (266, 13, 5, 266);
INSERT INTO partido_presidente (id_partido_presidente, id_partido, id_presidente, id_despesa) VALUES (267, 15, 6, 267);
INSERT INTO partido_presidente (id_partido_presidente, id_partido, id_presidente, id_despesa) VALUES (268, 13, 1, 268);
INSERT INTO partido_presidente (id_partido_presidente, id_partido, id_presidente, id_despesa) VALUES (269, 14, 2, 269);
INSERT INTO partido_presidente (id_partido_presidente, id_partido, id_presidente, id_despesa) VALUES (270, 13, 5, 270);
INSERT INTO partido_presidente (id_partido_presidente, id_partido, id_presidente, id_despesa) VALUES (271, 15, 6, 271);
INSERT INTO partido_presidente (id_partido_presidente, id_partido, id_presidente, id_despesa) VALUES (272, 14, 2, 272);
INSERT INTO partido_presidente (id_partido_presidente, id_partido, id_presidente, id_despesa) VALUES (273, 13, 5, 273);
INSERT INTO partido_presidente (id_partido_presidente, id_partido, id_presidente, id_despesa) VALUES (274, 15, 6, 274);
INSERT INTO partido_presidente (id_partido_presidente, id_partido, id_presidente, id_despesa) VALUES (275, 13, 5, 275);
INSERT INTO partido_presidente (id_partido_presidente, id_partido, id_presidente, id_despesa) VALUES (276, 14, 2, 276);
INSERT INTO partido_presidente (id_partido_presidente, id_partido, id_presidente, id_despesa) VALUES (277, 14, 2, 277);
INSERT INTO partido_presidente (id_partido_presidente, id_partido, id_presidente, id_despesa) VALUES (278, 14, 2, 278);
INSERT INTO partido_presidente (id_partido_presidente, id_partido, id_presidente, id_despesa) VALUES (279, 15, 4, 279);
INSERT INTO partido_presidente (id_partido_presidente, id_partido, id_presidente, id_despesa) VALUES (280, 15, 6, 280);
INSERT INTO partido_presidente (id_partido_presidente, id_partido, id_presidente, id_despesa) VALUES (281, 14, 2, 281);
INSERT INTO partido_presidente (id_partido_presidente, id_partido, id_presidente, id_despesa) VALUES (282, 15, 4, 282);
INSERT INTO partido_presidente (id_partido_presidente, id_partido, id_presidente, id_despesa) VALUES (283, 13, 5, 283);
INSERT INTO partido_presidente (id_partido_presidente, id_partido, id_presidente, id_despesa) VALUES (284, 15, 6, 284);
INSERT INTO partido_presidente (id_partido_presidente, id_partido, id_presidente, id_despesa) VALUES (285, 13, 1, 285);
INSERT INTO partido_presidente (id_partido_presidente, id_partido, id_presidente, id_despesa) VALUES (286, 14, 2, 286);
INSERT INTO partido_presidente (id_partido_presidente, id_partido, id_presidente, id_despesa) VALUES (287, 45, 3, 287);
INSERT INTO partido_presidente (id_partido_presidente, id_partido, id_presidente, id_despesa) VALUES (288, 15, 4, 288);
INSERT INTO partido_presidente (id_partido_presidente, id_partido, id_presidente, id_despesa) VALUES (289, 13, 5, 289);
INSERT INTO partido_presidente (id_partido_presidente, id_partido, id_presidente, id_despesa) VALUES (290, 15, 6, 290);
INSERT INTO partido_presidente (id_partido_presidente, id_partido, id_presidente, id_despesa) VALUES (291, 14, 2, 291);
INSERT INTO partido_presidente (id_partido_presidente, id_partido, id_presidente, id_despesa) VALUES (292, 15, 4, 292);
INSERT INTO partido_presidente (id_partido_presidente, id_partido, id_presidente, id_despesa) VALUES (293, 15, 6, 293);
INSERT INTO partido_presidente (id_partido_presidente, id_partido, id_presidente, id_despesa) VALUES (294, 13, 1, 294);
INSERT INTO partido_presidente (id_partido_presidente, id_partido, id_presidente, id_despesa) VALUES (295, 14, 2, 295);
INSERT INTO partido_presidente (id_partido_presidente, id_partido, id_presidente, id_despesa) VALUES (296, 45, 3, 296);
INSERT INTO partido_presidente (id_partido_presidente, id_partido, id_presidente, id_despesa) VALUES (297, 15, 4, 297);
INSERT INTO partido_presidente (id_partido_presidente, id_partido, id_presidente, id_despesa) VALUES (298, 13, 5, 298);
INSERT INTO partido_presidente (id_partido_presidente, id_partido, id_presidente, id_despesa) VALUES (299, 15, 6, 299);
INSERT INTO partido_presidente (id_partido_presidente, id_partido, id_presidente, id_despesa) VALUES (300, 14, 2, 300);
INSERT INTO partido_presidente (id_partido_presidente, id_partido, id_presidente, id_despesa) VALUES (301, 14, 2, 301);
INSERT INTO partido_presidente (id_partido_presidente, id_partido, id_presidente, id_despesa) VALUES (302, 13, 5, 302);
INSERT INTO partido_presidente (id_partido_presidente, id_partido, id_presidente, id_despesa) VALUES (303, 14, 2, 303);
